ClusterStyle,SizeOfCluster,Accuracy
SUV,70,0.6231780167264038
Sedan,90,0.6462994836488812
